show databases;

/*
- notion의 DB정리 페이지 참고
- .env 파일에 mysql 연결 정보 개인에 따라 수정 필요
*/
-- cobra09 데이터베이스 생성
create database cobra09;

-- cobra09 데이터베이스 사용
use cobra09;

-- 1. 'cobra' 사용자 생성 (비밀번호는 '1234'로 설정)
CREATE USER 'cobra' @'%' IDENTIFIED BY '1234';

-- 2. 'cobra' 사용자에게 모든 데이터베이스에 대한 모든 권한 부여
GRANT ALL PRIVILEGES ON *.* TO 'cobra' @'%';

-- 3. 권한 변경 사항 적용
FLUSH PRIVILEGES;

SELECT User, Host FROM mysql.user;

ALTER TABLE user ADD COLUMN salt VARCHAR(255) NOT NULL;

ALTER TABLE product MODIFY COLUMN deadline DATETIME NOT NULL;


-- Category 테이블 생성
CREATE TABLE Category (
    category_id INT PRIMARY KEY, -- 카테고리 ID (Primary Key)
    category_name VARCHAR(255) NOT NULL -- 카테고리 이름
);

-- User 테이블 생성
CREATE TABLE User (
    user_id INT AUTO_INCREMENT PRIMARY KEY, -- 사용자 ID (Primary Key)
    email VARCHAR(255) NOT NULL, -- 사용자 이메일
    password VARCHAR(255) NOT NULL, -- 비밀번호 (해시 저장)
    nickname VARCHAR(255) NOT NULL, -- 사용자 닉네임
    created_at TIMESTAMP DEFAULT CURRENT_TIMESTAMP, -- 생성일
    updated_at TIMESTAMP DEFAULT CURRENT_TIMESTAMP ON UPDATE CURRENT_TIMESTAMP -- 수정일
);

-- Product 테이블 생성
CREATE TABLE Product (
    product_key INT AUTO_INCREMENT PRIMARY KEY, -- 판매 물품 ID (Primary Key)
    name VARCHAR(255) NOT NULL, -- 물품 이름
    deadline DATE NOT NULL, -- 판매 마감 기한
    price INT NOT NULL, -- 판매 가격
    max_quantity INT NOT NULL, -- 판매 가능 최대 수량
    image VARCHAR(255) NOT NULL, -- 물품 이미지 경로
    category_id INT NOT NULL, -- 카테고리 ID (Foreign Key)
    user_id INT NOT NULL, -- 주선자 사용자 ID (Foreign Key)
    created_at TIMESTAMP DEFAULT CURRENT_TIMESTAMP, -- 생성일
    updated_at TIMESTAMP DEFAULT CURRENT_TIMESTAMP ON UPDATE CURRENT_TIMESTAMP, -- 수정일
    FOREIGN KEY (category_id) REFERENCES Category (category_id) ON DELETE CASCADE, -- 카테고리 참조
    FOREIGN KEY (user_id) REFERENCES User (user_id) ON DELETE CASCADE -- 주선자 참조
);
-- Order_item 테이블 생성
CREATE TABLE Order_item (
    order_item_id INT AUTO_INCREMENT PRIMARY KEY, -- 주문 아이템 ID (Primary Key)
    product_key INT NOT NULL, -- 주문한 물품 ID (Foreign Key)
    user_id INT NOT NULL, -- 주문자 사용자 ID (Foreign Key)
    quantity INT NOT NULL, -- 주문 수량
    address VARCHAR(255) NOT NULL, -- 주문자 주소
    phone VARCHAR(20) NOT NULL, -- 주문자 전화번호
    created_at TIMESTAMP DEFAULT CURRENT_TIMESTAMP, -- 생성일
    FOREIGN KEY (product_key) REFERENCES Product (product_key) ON DELETE CASCADE, -- 물품 참조
    FOREIGN KEY (user_id) REFERENCES User (user_id) ON DELETE CASCADE -- 사용자 참조
);

-- 찜 기능 테이블
CREATE TABLE Wishlists (
    wishlist_id INT PRIMARY KEY AUTO_INCREMENT,
    user_id INT NOT NULL,
    product_key INT NOT NULL,
    created_at TIMESTAMP DEFAULT CURRENT_TIMESTAMP,
    FOREIGN KEY (user_id) REFERENCES User(user_id) ON DELETE CASCADE, -- 사용자 삭제 시 관련 데이터도 삭제
    FOREIGN KEY (product_key) REFERENCES Product(product_key) ON DELETE CASCADE,
    UNIQUE (user_id, product_key)
);

-- 테이블 잘 만들어졌는지 확인
DESC category;

DESC user;

DESC product;

DESC order_item;

DESC Wishlists;

-- 테스트를 위해 테이블에 데이터 삽입
/*
- 순서 중요!
- 외래키 관계에따라 올바르게 데이터를 삽입하는 것이 중요하다.
*/

-- category 테이블에 데이터 삽입
INSERT INTO
    Category (category_id, category_name)
VALUES (1, 'Electronics'),
    (2, 'Foods'),
    (3, 'Books');

-- user 테이블에 데이터 삽입
INSERT INTO
    User (
        email,
        password,
        nickname,
        salt,
        user_type
    )
VALUES (
        'test@naver.com',
        "1fe2eeeb2bc899ca1ec855549557d858a5371f51509db90346f63dd16e109bc2ddb370ac9f96f52cdc9d100bd126317ad793df70b3e1347226cb51918af61d40",
        "soo",
        "43c03ab8122ba157830a2f968b98d786"
        ,"1"
    ),
    (
        'soo@naver.com',
        '1fe2eeeb2bc899ca1ec855549557d858a5371f51509db90346f63dd16e109bc2ddb370ac9f96f52cdc9d100bd126317ad793df70b3e1347226cb51918af61d40',
        "jin",
        "43c03ab8122ba157830a2f968b98d786",
        "1"
    );

-- product 테이블에 데이터 삽입

INSERT INTO wishlists (user_id, product_key) VALUES (30,33);

--이미지 경로 문제때문에 실제 파일명으로 입력받아야함
INSERT INTO Product (name, deadline, price, max_quantity, image, category_id, user_id,net_price)
VALUES
('Smartphone', '2024-12-31', 999, 100, 'smartphone.jpg', 1, 1,500),
('T-Shirt', '2024-12-25', 19, 200, 'tshirt.jpg', 2, 2,300),
('Novel', '2024-12-20', 10, 50, 'novel.jpg', 3, 1,200);

INSERT INTO Product (name, deadline, price, max_quantity, image, category_id, user_id)
VALUES
('Smartphone11', '2024-12-31', 999, 100, 'smartphone.jpg', 1, 1),
('T-Shirt11', '2024-12-25', 19, 200, 'tshirt.jpg', 2, 2),
('Novel11', '2024-12-20', 10, 50, 'novel.jpg', 3, 1);

INSERT INTO Product (name, deadline, price, max_quantity, image, category_id, user_id)
VALUES
('Smartphone22', '2024-12-31', 999, 100, 'smartphone.jpg', 1, 1),
('T-Shirt22', '2024-12-25', 19, 200, 'tshirt.jpg', 2, 2),
('Novel22', '2024-12-20', 10, 50, 'novel.jpg', 3, 1);

INSERT INTO
    Product (
        name,
        deadline,
        price,
        max_quantity,
        image,
        category_id,
        user_id
    )
VALUES (
        'Smartphone',
        '2024-12-31',
        999,
        100,
        '/images/smartphone.jpg',
        1,
        1
    ),
    (
        'T-Shirt',
        '2024-12-25',
        19,
        200,
        '/images/tshirt.jpg',
        2,
        2
    ),
    (
        'Novel',
        '2024-12-20',
        10,
        50,
        '/images/novel.jpg',
        3,
        1
    );


-- order_item 테이블에 데이터 삽입
INSERT INTO
    Order_item (
        order_item_id,
        product_key,
        user_id,
        quantity,
        address,
        phone
    )
VALUES (
        1,
        1,
        1,
        2,
        '123 Main St, Seoul',
        '010-1234-5678'
    ),
    (
        2,
        2,
        2,
        1,
        '456 Elm St, Busan',
        '010-5678-1234'
    );

INSERT INTO Comment (content, comment_group, comment_order, comment_depth, user_id, product_key, createdAt, updatedAt) VALUES ("1 댓글이다.",1,1,1,1,1,'2024-01-01 10:00:00','2024-01-01 10:00:00');
INSERT INTO Comment (content, comment_group, comment_order, comment_depth, parent_id, user_id, product_key, createdAt, updatedAt) VALUES ("1 댓글에 대댓글이다.",1,2,2,2,1,'2024-01-01 10:00:00','2024-01-01 10:00:00')
INSERT INTO Comment (content, comment_group, comment_order, comment_depth, parent_id, user_id, product_key, createdAt, updatedAt) VALUES ("2 댓글이다.",2,1,1,1,2,'2024-01-01 10:00:00','2024-01-01 10:00:00')
INSERT INTO Comment (content, comment_group, comment_order, comment_depth, parent_id, user_id, product_key, createdAt, updatedAt) VALUES ("2 댓글의 대댓글이다.",2,2,2,2,2,'2024-01-01 10:00:00','2024-01-01 10:00:00')
INSERT INTO Comment (content, comment_group, comment_order, comment_depth, parent_id, user_id, product_key, createdAt, updatedAt) VALUES ("3 댓글이다.",3,1,1,1,3,'2024-01-01 10:00:00','2024-01-01 10:00:00')
INSERT INTO Comment (content, comment_group, comment_order, comment_depth, parent_id, user_id, product_key, createdAt, updatedAt) VALUES ("3 댓글의 대댓글이다.",3,2,2,2,3,'2024-01-01 10:00:00','2024-01-01 10:00:00')

-- 테이블에 다 데이터 담겨있는지 확인
SELECT * FROM category;

SELECT * FROM user;

SELECT * FROM product;

SELECT * FROM order_item;

SELECT * FROM user;

SELECT * FROM product;

SELECT * FROM order_item;

SELECT * FROM comment;

DESC comment;

